First Name,Last Name,Employee ID,Email Address
Daniel,Johnson,1011,danieljohnson@example.com
Linda,Martin,1012,lindamartin@example.com
Matthew,Thompson,1013,matthewthompson@example.com
Karen,Clark,1014,karenclark@example.com
Christopher,Lewis,1015,christopherlewis@example.com
Patricia,Hall,1016,patriciahall@example.com
Joshua,Young,1017,joshuayoung@example.com
Susan,White,1018,susanwhite@example.com
Ryan,Adams,1019,ryanadams@example.com
Jessica,Harris,1020,jessicaharris@example.com
Nicholas,Turner,1021,nicholasturner@example.com
Elizabeth,Walker,1022,elizabethwalker@example.com
Andrew,Scott,1023,andrewscott@example.com
Maria,Hill,1024,mariahill@example.com
David,Green,1025,davidgreen@example.com
Kimberly,Evans,1026,kimberlyevans@example.com
James,Allen,1027,jamesallen@example.com
Donna,Baker,1028,donnabaker@example.com
Joseph,Wright,1029,josephwright@example.com
Lisa,King,1030,lisaking@example.com
William,Hall,1031,williamhall@example.com
Michelle,Adams,1032,michelleadams@example.com
Richard,Turner,1033,richardturner@example.com
Nancy,Cook,1034,nancycook@example.com
Charles,Ross,1035,charlesross@example.com
Amanda,Brown,1036,amandabrown@example.com
Thomas,King,1037,thomasking@example.com
Mary,Jones,1038,maryjones@example.com
Kevin,Campbell,1039,kevincampbell@example.com
Angela,Moore,1040,angelamoore@example.com
Michael,Gray,1041,michaelgray@example.com
Laura,White,1042,laurawhite@example.com
John,Harris,1043,johnharris@example.com
Sandra,Miller,1044,sandramiller@example.com
Brian,Smith,1045,briansmith@example.com
Cynthia,Hall,1046,cynthiahall@example.com
Matthew,Roberts,1047,matthewroberts@example.com
Pamela,Brown,1048,pamelabrown@example.com
Christopher,Clark,1049,christopherclark@example.com
Deborah,Lee,1050,deborahlee@example.com
Robert,Young,1051,robertyoung@example.com
Jennifer,Wilson,1052,jenniferwilson@example.com
Donald,Johnson,1053,donaldjohnson@example.com
Dorothy,Anderson,1054,dorothyanderson@example.com
Jeffrey,Brown,1055,jeffreybrown@example.com
Carol,Davis,1056,caroldavis@example.com
Steven,Garcia,1057,stevengarcia@example.com
Margaret,Hernandez,1058,margarethernandez@example.com
Mark,Moore,1059,markmoore@example.com
Betty,Lopez,1060,bettylopez@example.com
Edward,Walker,1061,edwardwalker@example.com
Sharon,Thomas,1062,sharonthomas@example.com
George,Hall,1063,georgehall@example.com
Linda,Williams,1064,lindawilliams@example.com
Christopher,Smith,1065,christophersmith@example.com
Nancy,Johnson,1066,nancyjohnson@example.com
Paula,Scott,1067,paulascott@example.com
Timothy,Ramirez,1068,timothyramirez@example.com
Rebecca,White,1069,rebeccawhite@example.com
Kenneth,Wright,1070,kennethwright@example.com
Laura,Martinez,1071,lauramartinez@example.com
Larry,Campbell,1072,larrycampbell@example.com
Sarah,Jones,1073,sarahjones@example.com
Brandon,Allen,1074,brandonallen@example.com
Deborah,Miller,1075,deborahmiller@example.com
Daniel,Wilson,1076,danielwilson@example.com
Donna,Young,1077,donnayoung@example.com
Jose,Clark,1078,joseclark@example.com
Carol,Anderson,1079,carolanderson@example.com
Kevin,Baker,1080,kevinbaker@example.com
Amy,Smith,1081,amysmith@example.com
Gary,Lewis,1082,garylewis@example.com
Tina,Morris,1083,tinamorris@example.com
Gregory,Gonzalez,1084,gregorygonzalez@example.com
Angela,Kelly,1085,angelakelly@example.com
Jason,Davis,1086,jasondavis@example.com
Heather,Johnson,1087,heatherjohnson@example.com
Roger,Moore,1088,rogermoore@example.com
Deborah,Williams,1089,deborahwilliams@example.com
Eric,Thomas,1090,ericthomas@example.com
Janet,Ross,1091,janetross@example.com
Stephen,Smith,1092,stephensmith@example.com
Linda,Martin,1093,lindamartin@example.com
Scott,Anderson,1094,scottanderson@example.com
Karen,Martinez,1095,karenmartinez@example.com
Joseph,Hernandez,1096,josephhernandez@example.com
Rebecca,King,1097,rebeccaking@example.com
Larry,Garcia,1098,larrygarcia@example.com
Amanda,Turner,1099,amandaturner@example.com
William,Scott,1100,williamscott@example.com